-1073741544,1073742068,1073742068,1073742068,1073742068,334,1073742068,1073742068,1073742068,1073742068,334,1073742068,1073742068,1073742068,1073742068,1073742068,1073742068,1073742068,1073742068,1073742068,1073742068,1073742068,1073742068,1073742068,1073742068,1073742068,1073742068,1073742068,1073742068,1073742068,1073742068,1073742068,1073742068,1073742068,1073742068,1073742068,1073742104,-1073741544,1073742068,1073742068,1073742068,1073742068,1073742068,1073742068,1073742068,1073742068,1073742068,1073742068,1073742068,1073742068,1073742068,1073742068,1073742068,1073742068,1073742068,1073742068,1073742068,1073742068,1073742068,1073742068,1073742068,1073742068,1073742068,1073742068,1073742068,1073742068,1073742068,1073742068,1073742068,1073742068,1073742068,1073742068,1073742068,1073742068,1073742068,1073742068,1073742068,1073742068,1073742068,1073742068,1073742068,1073742068,1073742068,1073742068,1073742068,1073742068,1073742068,1073742068,1073742068,1073742068,1073742068,1073742068,1073742068,1073742068,1073742068,1073742068
277,-1,-1,-1,-1,238,80,81,82,-1,238,-1,-1,-1,80,81,82,-1,-1,80,80,81,82,-1,-1,80,81,82,-1,-1,-1,-1,-1,-1,-1,-1,-2147483371,277,-1,80,81,82,80,81,82,-1,-1,-1,-1,-1,-1,-1,-1,-1,-1,-1,-1,-1,-1,-1,80,81,82,-1,-1,-1,-1,-1,-1,-1,-1,-1,-1,80,81,82,-1,-1,-1,80,81,82,-1,-1,-1,-1,-1,-1,-1,80,81,82,-1,-1,-1,275
277,-1,-1,-1,-1,238,112,113,114,-1,238,10,-1,-1,112,113,114,-1,-1,112,112,113,114,-1,-1,112,113,114,-1,141,142,143,-1,-1,-1,-1,-2147483371,277,-1,112,113,114,112,113,114,-1,-1,-1,-1,-1,-1,-1,-1,-1,-1,-1,-1,-1,-1,-1,112,113,114,-1,-1,-1,-1,-1,-1,-1,-1,-1,-1,112,113,114,-1,-1,-1,112,113,114,-1,-1,-1,-1,-1,-1,-1,112,113,114,-1,-1,-1,275
303,304,305,-1,-1,238,-1,-1,-1,269,270,271,-1,-1,-1,-1,-1,-1,-1,-1,-1,-1,10,-1,-1,15,-1,-1,-2147483343,-2147483344,304,304,305,-1,-1,-1,-2147483371,277,-1,-1,-1,-1,-1,-1,-1,-1,-1,243,245,193,194,193,194,193,194,193,243,245,189,-1,-1,-2147483343,-2147483344,304,-2147483344,304,-2147483344,304,-2147483344,-2147483344,304,305,-1,-1,-1,-1,-1,-1,-1,-1,-1,-1,-1,243,244,245,-1,-1,-1,-1,-1,-1,-1,-1,-1,275
277,-1,-1,-1,-1,238,-1,-1,-1,307,308,309,-1,-1,-1,-1,-1,-1,-1,-1,-1,-2147483343,-2147483344,304,304,305,-1,-1,-1,-1,-1,-1,-1,-1,-1,-1,-2147483371,277,-1,-1,-1,-1,-1,190,-1,-1,-1,275,277,225,225,225,225,225,225,225,275,277,-1,-1,-1,-1,-1,-1,-1,-1,-1,-1,-1,-1,-1,-1,-1,-1,-1,-1,-1,-1,-1,-1,-1,-1,-1,333,334,335,-1,-1,-1,-1,-1,-1,-1,-1,-1,275
277,-1,-1,-1,269,270,271,-1,-1,-1,-1,-1,-1,7,-1,-1,7,-1,-1,-1,-1,-1,-1,-1,-1,-1,-1,-1,-1,-1,-1,-1,-1,-1,-1,300,301,-2147483347,-2147483348,-1,-1,-1,-2147483377,-2147483404,-2147483404,-2147483404,-2147483404,280,282,244,244,244,244,244,244,244,280,277,-1,-1,-1,-1,-1,-1,-1,-1,-1,-1,-1,-1,-1,-1,-1,-1,-1,-1,-1,-1,-1,-1,-1,-1,-1,365,238,367,-1,-1,-1,-1,-1,-1,-1,-1,-1,275
277,-1,-1,-1,307,308,309,-1,1610613041,-1,-1,-1,-2147483343,-2147483344,304,304,305,-1,-1,-1,-1,-1,-1,15,-1,-1,-1,-1,-1,77,-1,7,-1,-1,-1,-1,-2147483371,277,-1,-1,-1,-1,-2147483339,-2147483340,-2147483340,-2147483340,-2147483340,1073742104,1073742106,1073742068,1073742068,1073742068,1073742068,1073742068,1073742068,1073742068,1073742068,309,-1,-1,-1,-1,148,145,141,142,145,141,142,144,-1,-1,-1,-1,-1,-1,-1,-1,-1,-1,-1,-1,-1,-1,238,-1,-1,-1,-1,-1,-1,64,65,-1,-1,275
303,305,-1,-1,-1,-1,-1,-1,536871217,-1,-1,-1,-1,-1,-1,-1,-1,-1,-1,206,-1,-1,-1,269,244,-2147483379,-1,-1,-1,269,244,-2147483379,-1,-1,-1,-1,-2147483371,277,-1,-1,-1,-1,-1,-1,-1,-1,-1,275,277,-1,-1,-1,-1,-1,85,85,-1,-1,-1,-1,-1,-2147483377,-2147483404,-2147483404,-2147483404,-2147483404,-2147483404,-2147483404,-2147483404,-2147483404,244,271,-1,-1,-1,-1,-1,-1,-1,-1,-1,-1,-1,237,238,239,-1,-1,-1,-1,-1,96,97,-1,-1,275
277,-1,-1,-1,-1,-1,-1,-1,-2147483343,305,-1,-1,-1,-1,-1,-1,-1,-1,-1,238,-1,-1,-1,333,1073742068,-2147483315,-1,-1,-1,333,1073742068,-2147483315,-1,-1,-1,300,301,-2147483347,-2147483348,-1,-1,-2147483343,305,-1,-1,-1,-1,275,277,-1,-1,-1,-1,-1,30,31,-1,-1,-1,-1,-1,-2147483339,-2147483340,-2147483340,-2147483340,-2147483340,-2147483340,-2147483340,-2147483340,-2147483340,308,309,-1,-1,-1,-1,-1,-1,-1,145,141,142,55,269,270,271,59,-1,146,147,148,128,129,-1,-1,275
303,304,305,-1,-1,-2147483343,-2147483344,305,-1,-1,-1,-1,-1,-1,-1,-1,-1,-1,269,270,271,-1,-1,-1,-1,-1,-1,-1,-1,-1,-1,-1,-1,-1,-1,-1,-2147483371,277,-1,-1,-1,-1,-1,-1,-1,-2147483343,-2147483344,-2147483345,303,304,305,-1,-1,-1,59,60,-1,-1,-1,-1,-1,-1,-1,-1,-1,-1,-1,-1,-1,-1,-1,-1,-1,-1,-1,-1,-1,-2147483377,-2147483404,-2147483404,-2147483404,-2147483404,-2147483404,280,313,282,244,244,244,244,244,244,244,271,-1,275
277,-1,-1,-1,-1,-1,-1,-1,-1,-1,-1,-1,-1,-1,-1,-1,-1,-1,307,308,309,-1,-1,-1,141,142,143,-1,-1,3,4,5,-1,-1,-1,-1,-2147483371,277,-1,-1,-1,-1,-1,-1,-1,-1,-1,275,277,-1,-1,-1,-1,-1,-1,-1,-1,-1,-1,-1,-1,-1,-1,3,4,4,4,4,4,4,4,4,4,4,5,-1,-1,-2147483339,-2147483340,-2147483340,-2147483340,-2147483340,-2147483340,-2147483340,-2147483340,308,308,308,308,308,308,308,308,309,-1,275
277,-1,-1,-1,-1,-1,-1,-1,-1,-1,77,78,-1,-1,-1,-1,-1,-1,-1,-1,-1,-1,-1,-2147483343,-2147483344,304,304,304,304,304,304,304,304,305,-1,-1,-2147483371,303,304,305,-1,-1,-2147483343,305,-1,-1,-1,275,277,-1,-1,-1,-1,-1,-1,-1,-1,-1,-1,-1,-1,-1,-1,243,244,244,244,244,244,244,244,244,244,244,271,-1,-1,-1,-1,-1,80,81,82,-1,-1,-1,-1,-1,-1,80,81,82,-1,-1,-1,275
303,304,305,-1,-1,-1,-1,-1,-1,269,244,244,245,-1,141,142,143,-1,-1,-1,-1,-1,-1,-1,-1,-1,-1,-1,-1,3,4,5,5,5,5,5,-2147483371,277,-1,-1,-1,-1,-1,-1,-1,-1,-1,275,277,-1,-1,7,8,-1,-1,-1,-1,7,8,-1,-1,-1,-1,275,1073742106,308,308,308,308,308,308,308,308,308,309,-1,-1,-1,-1,-1,112,113,114,-1,-1,-1,-1,-1,-1,112,113,114,-1,-1,-1,275
277,-1,-1,-1,-1,-1,-1,-1,-1,333,1073742068,1073742104,282,244,244,244,244,244,245,-1,-1,-1,-1,-1,-1,-1,-1,269,244,244,244,244,244,244,244,244,280,277,-1,-1,-1,-1,-1,-1,-1,-2147483343,-2147483344,-2147483345,277,-1,-2147483343,-2147483344,304,305,-1,-1,-2147483343,-2147483344,304,304,305,-1,-1,275,277,-1,-1,-1,-1,80,81,82,-1,-1,-1,-1,-1,-1,-1,-1,-1,-1,-1,-1,-1,-1,-1,-1,-1,-1,-1,-1,-1,-1,-1,275
277,-1,-1,-1,-1,-1,-1,-1,-1,-1,-1,333,1073742068,1073742068,1073742068,1073742068,1073742068,1073742104,277,-1,-1,-1,-1,-1,-1,-1,-1,-2147483371,1073742106,308,308,308,308,308,308,308,1073742104,303,304,305,-1,-1,-1,-1,-1,-1,-1,275,277,-1,-1,-1,-1,-1,-1,-1,-1,-1,-1,-1,-1,-1,-1,275,277,-1,-1,-1,-1,112,113,114,-1,-1,-1,-1,-1,-1,-1,-1,-1,-1,-1,-1,-1,-1,-1,-1,-1,-1,-1,-1,-1,-1,83,275
277,-1,-1,-1,-2147483343,-2147483344,304,305,-1,-1,-1,-1,-1,80,81,82,-1,-2147483371,277,-1,-1,-1,-1,-1,-1,269,244,280,277,80,81,80,81,82,-1,-1,-2147483371,277,-1,-1,-1,-1,-2147483343,305,-1,-1,-1,275,277,-1,-1,-1,-1,-1,-1,-1,-1,-1,-1,-1,-1,-1,243,280,277,-1,-2147483377,-2147483404,-2147483404,-2147483404,-2147483404,-2147483404,-2147483404,-2147483404,-2147483404,244,271,-1,-1,-1,-1,-1,-1,-1,-1,-1,70,71,72,73,74,75,76,-1,115,275
277,-1,-1,-1,-1,-1,-1,-1,-1,-1,-1,-1,-1,112,113,114,-1,-2147483371,277,-1,-1,-1,-1,146,147,-2147483371,1073742106,-1073741580,309,112,113,112,113,114,-1,-1,-2147483371,277,-1,-1,-1,-1,-1,-1,-1,-1,-1,275,277,-1,-1,-1,-1,-1,-1,-1,-1,-1,-1,-1,-1,243,280,1073742106,309,-1,-2147483339,-2147483340,-2147483340,-2147483340,-2147483340,-2147483340,-2147483340,-2147483340,-2147483340,1073742104,277,-1,-1,-1,-1,-1,-1,-1,-1,-1,102,103,104,105,106,107,108,-1,115,275
277,-1,-1,-1,-1,-1,-1,-1,-1,-1,-2147483343,-2147483344,304,305,-1,-1,-1,-2147483371,277,-1,-1,-1,-1,269,244,280,277,-1,-1,-1,-1,-1,-1,-1,-1,-1,307,309,191,-1,-1,-1,-1,-1,-1,-2147483343,-2147483344,-2147483345,303,304,305,-1,-1,-1,-1,-1,-1,-1,-1,-1,243,280,1073742106,309,-1,-1,-1,-1,80,81,82,-1,-1,-1,-1,275,277,-1,-1,-1,-1,-1,-1,-1,176,141,134,135,136,137,138,139,140,-1,115,275
303,305,-1,-1,-1,-1,-1,-1,-1,-1,-1,-1,-1,-1,-1,-1,-1,-2147483371,277,-1,-1,-1,-1,-2147483371,1073742106,-1073741580,309,-1,-1,-1,-1,-1,-1,-1,-1,-1,-1,-1,-1,-1,-1,-1,-1,-1,-1,-1,-1,275,277,-1,-1,-1,-1,-1,-1,-1,-1,-1,-1,-1,275,436,277,-1,-1,-1,-1,-1,112,113,114,-1,-1,-1,-1,275,277,-1,-1,-1,-1,-1,77,78,-2147483377,-2147483404,-2147483404,-2147483404,-2147483404,-2147483404,-2147483404,-2147483404,-2147483404,-2147483404,-2147483404,280
277,-1,-1,-1,-1,146,147,-1,-1,-1,-1,-1,-1,-1,-1,-1,-1,-2147483371,277,-1,-1,269,244,280,277,-1,-1,-1,-1,-1,-1,-1,-1,-1,-1,-1,-1,-1,-1,-1,-1,-1,-2147483343,305,-1,-1,-1,275,277,-1,-1,-1,-1,-1,-2147483343,305,-1,-1,-1,-1,275,436,282,244,244,244,244,244,244,244,244,244,271,-1,-1,275,277,-1,-1,-1,-1,-1,-2147483377,-2147483404,280,436,436,436,436,436,436,436,436,436,436,436
277,-1,-1,-1,-2147483343,-2147483344,304,305,-1,-1,-1,-1,-1,-1,-1,-1,-1,-2147483371,277,-1,-1,-2147483371,1073742106,-1073741580,309,-1,-1,-1,-1,-1,-1,-1,146,147,-1,-1,3,4,5,-1,-1,-1,-1,-1,-1,-1,-1,275,277,-1,-1,-1,-1,-1,-1,-1,-1,-1,-1,-1,275,436,436,436,436,436,436,1073742106,308,308,308,308,309,-1,-1,275,277,-1,-1,-1,-1,-1,-2147483339,-2147483340,-2147483340,-2147483340,-2147483340,-2147483340,-2147483340,-2147483340,-2147483340,-1073741580,-1073741580,-1073741580,-1073741580,1073742104
277,-1,-1,-1,-1,-1,-1,-1,-1,-1,146,147,-1,-1,-1,-1,-1,-2147483371,282,244,244,280,277,-1,-1,-1,-1,-1,-1,-1,-1,243,244,244,244,244,244,244,244,245,-1,-1,-1,-1,-1,-2147483343,-2147483344,-2147483345,303,304,305,-1,-1,-1,-1,-1,-1,-1,-1,-1,275,436,436,436,436,436,436,277,-1,-1,-1,-1,-1,-1,-1,275,277,-1,-1,-1,-1,-1,-1,-1,80,81,80,81,80,81,80,81,80,80,80,275
277,-1,-1,-1,-1,-1,-1,-1,-1,-2147483343,-2147483344,304,305,-1,-1,-1,-1,307,1073742068,1073742068,1073742068,-1073741580,309,-1,-1,-1,-1,-1,-1,-1,165,275,1073742106,308,308,308,308,308,308,309,-1,-1,-1,-1,-1,-1,-1,275,277,-1,-1,-1,-1,-1,-2147483343,305,-1,70,71,-1,307,308,308,308,308,1073742104,436,277,-1,-1,-1,-1,-1,-1,-1,275,277,-1,-1,-1,77,78,79,-1,-1,141,-1,-1,-1,-1,146,147,-1,-1,-1,275
303,305,-1,-1,-1,-1,-1,-1,-1,-1,-1,-1,-1,-1,-1,-1,-1,-1,-1,-1,-1,-1,-1,-1,-1,-1,-1,-1,-1,243,244,280,277,80,81,82,-1,80,81,82,-1,-1,-1,-1,-1,-1,-1,275,277,-1,-1,-1,-1,-1,-1,-1,-1,102,103,-1,-1,-1,-1,-1,-1,307,1073742104,282,-2147483404,-2147483404,-2147483404,-2147483404,-2147483404,-2147483404,-2147483404,-2147483366,277,-1,-1,-2147483377,-2147483404,-2147483404,-2147483404,-2147483404,-2147483404,-2147483404,-2147483404,-2147483404,-2147483404,-2147483404,-2147483404,-2147483404,-2147483404,-2147483404,-2147483404,280
277,-1,-1,-1,-1,-1,-1,-1,-1,-1,-1,-1,-1,-1,-1,-1,-1,-1,-1,-1,-1,-1,-1,-1,-1,-1,-1,-1,-1,275,1073742106,308,309,112,113,114,-1,112,113,114,-1,-1,-1,-1,-1,-1,-1,275,277,-1,3,4,4,4,4,4,4,134,135,4,4,4,5,-1,-1,-1,307,308,308,308,308,308,308,308,308,308,309,-1,-1,275,436,436,436,436,436,436,436,436,436,436,436,436,436,436,436,436
277,-1,-1,-1,-2147483343,-2147483344,304,305,-1,-1,-1,-1,-1,-1,-1,-1,-1,-1,-1,-1,-1,-1,-1,-1,-1,-1,-1,243,244,280,277,-1,-1,-1,-1,-1,-1,-1,-1,-1,-1,-1,-1,-1,-1,-1,243,280,282,244,244,244,244,244,244,244,244,244,244,244,244,244,244,271,-1,-1,-1,-1,-1,-1,-1,-1,-1,-1,-1,-1,-1,-1,-1,-1073741553,-1073741580,-1073741580,-1073741580,-1073741580,-1073741580,-1073741580,-1073741580,-1073741580,-1073741580,-1073741580,-1073741580,-1073741580,-1073741580,-1073741580,-1073741580,1073742104
277,-1,-1,-1,-1,-1,-1,-1,-1,-1,-1,-1,-1,-1,-1,-1,66,67,-1,-1,-1,-1,-1,-1,-1,-1,-1,275,1073742106,308,309,-1,-1,-1,-1,-1,-1,-1,-1,-1,-1,-1,-1,-1,243,244,280,313,313,313,313,313,313,313,313,313,313,313,313,313,313,313,313,282,244,271,-1,-1,-1,-1,-1,-1,-1,-1,-1,-1,-1,-1,-1,-1,-1,-1,-1,-1,-1,-1,-1,-1,-1,-1,-1,-1,-1,-1,-1,275
277,157,158,-1,-1,-1,-1,-1,24,25,26,-1,-1,-1,-1,-1,98,99,25,26,-1,70,71,70,71,243,244,280,277,-1,-1,-2147483572,-2147483573,-2147483574,-1,-1,-1,-1,-1,-1,-1,-1,243,244,280,313,313,436,436,436,436,436,436,436,436,436,436,436,436,436,436,436,436,313,313,282,244,271,-1,-1,-1,-1,-1,-1,-1,64,65,66,67,68,69,64,65,66,67,68,69,64,65,66,67,68,69,-1,-1,275
282,244,244,245,-1,156,157,158,56,57,58,-1,156,157,158,-1,130,131,57,58,158,102,103,102,103,275,1073742106,308,309,-1,-1,-1,-1,-1,-1,-1,-1,-1,-1,-1,243,244,280,313,313,436,436,436,436,436,436,436,436,436,436,436,436,436,436,436,436,436,436,436,436,313,313,282,244,271,-1,-1,-1,-1,-1,96,97,98,99,100,101,96,97,98,99,100,101,96,97,98,99,100,101,-1,-1,275
313,313,313,282,244,244,244,244,244,244,244,244,244,244,244,244,244,244,244,244,245,134,135,134,135,275,277,-1,-1,-1,141,142,143,-1,3,4,5,-1,243,244,280,313,313,436,436,436,436,436,436,436,436,436,436,436,436,436,436,436,436,436,436,436,436,436,436,436,436,313,313,282,244,271,-1,176,-1,128,129,130,131,132,133,128,129,130,131,132,133,128,129,130,131,132,133,-1,-1,275
436,436,436,313,313,313,313,313,313,313,313,313,313,313,313,313,313,313,313,313,282,244,244,244,244,280,282,244,244,244,244,244,244,244,244,244,244,244,280,313,313,436,436,436,436,436,436,436,436,436,436,436,436,436,436,436,436,436,436,436,436,436,436,436,436,436,436,436,436,313,313,282,244,244,244,244,244,244,244,244,244,244,244,244,244,244,244,244,244,244,244,244,244,244,244,280
436,436,436,436,436,436,436,436,436,436,436,436,436,436,436,436,436,436,436,436,436,436,436,436,436,436,436,436,436,436,436,436,436,436,436,436,436,436,436,436,436,436,436,436,436,436,436,436,436,436,436,436,436,436,436,436,436,436,436,436,436,436,436,436,436,436,436,436,436,436,436,436,436,436,436,436,436,436,436,436,436,436,436,436,436,436,436,436,436,436,436,436,436,436,436,436
